"""productName"",""featureName"",""featureValue"",""featurePoint"",""salesAmount"""
"Bilgisayar Sandalyesi,""Sırt Yüksekliği"",""100 cm"", ""4.0"", ""2800"""
"Bilgisayar Sandalyesi,""Sırt Yüksekliği"",""90 cm"", ""4.5"", ""3200"""
"Bilgisayar Sandalyesi,""Sırt Yüksekliği"",""70 cm"", ""3.5"", ""3000"""
"Bilgisayar Sandalyesi,""Oturma Bölgesi Genişliği"",""45 cm"", ""3.8"", ""3200"""
"Bilgisayar Sandalyesi,""Oturma Bölgesi Genişliği"",""50 cm"", ""4.0"", ""3500"""
"Bilgisayar Sandalyesi,""Oturma Bölgesi Genişliği"",""55 cm"", ""3.5"", ""3000"""
"Bilgisayar Sandalyesi,""Koltuk Malzemesi"",""Suni Deri"", ""4.0"", ""3500"""
"Bilgisayar Sandalyesi,""Koltuk Malzemesi"",""Kumaş"", ""3.7"", ""3300"""
"Bilgisayar Sandalyesi,""Koltuk Malzemesi"",""Deri"", ""4.2"", ""3800"""
"Bilgisayar Sandalyesi,""Ayak Malzemesi"",""Metal"", ""3.5"", ""3000"""
"Bilgisayar Sandalyesi,""Ayak Malzemesi"",""Plastik"", ""3.8"", ""3200"""
"Bilgisayar Sandalyesi,""Ayak Malzemesi"",""Ahşap"", ""4.0"", ""3500"""
"Bilgisayar Sandalyesi,""Kol Mekanizması"",""2D Ayarlanabilir"", ""4.3"", ""3800"""
"Bilgisayar Sandalyesi,""Kol Mekanizması"",""4D Ayarlanabilir"", ""4.5"", ""4000"""
"Bilgisayar Sandalyesi,""Kol Mekanizması"",""Sabit"", ""3.7"", ""3500"""
"Bilgisayar Sandalyesi,""Sırt Mekanizması"",""Eğilebilir"", ""3.7"", ""3300"""
"Bilgisayar Sandalyesi,""Sırt Mekanizması"",""Sabit"", ""3.5"", ""3000"""
"Bilgisayar Sandalyesi,""Sırt Mekanizması"",""Yatay Ayarlanabilir"", ""4.0"", ""3500"""
"Bilgisayar Sandalyesi,""Fiyat Aralığı"",""500-1000 TL"", ""3.9"", ""3600"""
"Bilgisayar Sandalyesi,""Fiyat Aralığı"",""2000-6000 TL"", ""4.2"", ""3800"""
"Bilgisayar Sandalyesi,""Fiyat Aralığı"",""1000-2000 TL"", ""4.5"", ""4000"""
"Bisiklet,""Amortisör Sayısı"",""4"", ""4.2"", ""2800"""
"Bisiklet,""Amortisör Sayısı"",""5"", ""4.5"", ""3200"""
"Bisiklet,""Amortisör Sayısı"",""6"", ""3.8"", ""3000"""
"Bisiklet,""Jant Büyüklüğü"",""26 inç"", ""3.8"", ""3200"""
"Bisiklet,""Jant Büyüklüğü"",""28 inç"", ""4.0"", ""3500"""
"Bisiklet,""Jant Büyüklüğü"",""24 inç"", ""3.5"", ""3000"""
"Bisiklet,""Vites Sayısı"",""21"", ""4.0"", ""3500"""
"Bisiklet,""Vites Sayısı"",""24"", ""3.7"", ""3300"""
"Bisiklet,""Vites Sayısı"",""18"", ""4.2"", ""3800"""
"Bisiklet,""Fren Çeşidi"",""Disk Fren"", ""3.5"", ""3000"""
"Bisiklet,""Fren Çeşidi"",""V-Fren"", ""3.8"", ""3200"""
"Bisiklet,""Fren Çeşidi"",""Pedal Fren"", ""4.0"", ""3500"""
"Bisiklet,""Fiyat Aralığı"",""800-1500 TL"", ""4.3"", ""3800"""
"Bisiklet,""Fiyat Aralığı"",""1500-2500 TL"", ""4.5"", ""4000"""
"Bisiklet,""Fiyat Aralığı"",""2500-5000 TL"", ""3.7"", ""3500"""
"Çadır,""İç Alan Boyutu"",""4.5 m²"",""3.5"",""1200"""
"Çadır,""İç Alan Boyutu"",""6 m²"",""4"",""1500"""
"Çadır,""İç Alan Boyutu"",""8 m²"",""3"",""1000"""
"Çadır,""İç Alan Yüksekliği"",""150 cm"",""4"",""1300"""
"Çadır,""İç Alan Yüksekliği"",""180 cm"",""3.5"",""1100"""
"Çadır,""İç Alan Yüksekliği"",""210 cm"",""4"",""1600"""
"Çadır,""Kullanılabilir Sıcaklık"",""-10°C - 30°C"",""3"",""1400"""
"Çadır,""Kullanılabilir Sıcaklık"",""-5°C - 25°C"",""4"",""1700"""
"Çadır,""Kullanılabilir Sıcaklık"",""0°C - 20°C"",""3.5"",""1500"""
"Çadır,""Kişi Sayısı"",""2 Kişi"",""4"",""1800"""
"Çadır,""Kişi Sayısı"",""4 Kişi"",""3.5"",""1300"""
"Çadır,""Kişi Sayısı"",""6 Kişi"",""4"",""1600"""
"Çadır,""Fiyat Aralığı"",""500-1500 TL"",""4"",""1400"""
"Çadır,""Fiyat Aralığı"",""1500-2500 TL"",""3.5"",""1100"""
"Çadır,""Fiyat Aralığı"",""2500-5000 TL"",""4"",""1300"""
"Dürbün,""Ön Mercek Çapı"",""42 mm"",""3.5"",""450"""
"Dürbün,""Ön Mercek Çapı"",""50 mm"",""4"",""550"""
"Dürbün,""Ön Mercek Çapı"",""32 mm"",""3"",""350"""
"Dürbün,""Yakınlaştırma Miktarı"",""8x"",""4"",""600"""
"Dürbün,""Yakınlaştırma Miktarı"",""10x"",""3.5"",""500"""
"Dürbün,""Yakınlaştırma Miktarı"",""12x"",""4"",""700"""
"Dürbün,""Göz Mesafesi"",""14 mm"",""3.5"",""450"""
"Dürbün,""Göz Mesafesi"",""18 mm"",""4"",""550"""
"Dürbün,""Göz Mesafesi"",""12 mm"",""3"",""350"""
"Dürbün,""Tüp Sayısı"",""1 Tüp"",""4"",""600"""
"Dürbün,""Tüp Sayısı"",""2 Tüp"",""3.5"",""500"""
"Dürbün,""Tüp Sayısı"",""3 Tüp"",""4"",""700"""
"Dürbün,""Gövde Malzemesi"",""Alüminyum"",""3.5"",""450"""
"Dürbün,""Gövde Malzemesi"",""Plastik"",""4"",""550"""
"Dürbün,""Gövde Malzemesi"",""Çelik"",""3"",""350"""
"Dürbün,""Fiyat Aralığı"",""200-400 TL"",""4"",""600"""
"Dürbün,""Fiyat Aralığı"",""900-2000 TL"",""3.5"",""500"""
"Dürbün,""Fiyat Aralığı"",""400-900 TL"",""4"",""700"""
"Teleskop,""Çeşit"",""Refraktör"",""4"",""800"""
"Teleskop,""Çeşit"",""Reflektör"",""3.5"",""700"""
"Teleskop,""Çeşit"",""Katkılı"",""4"",""900"""
"Teleskop,""Mercek Çapı"",""70 mm"",""3.5"",""450"""
"Teleskop,""Mercek Çapı"",""90 mm"",""4"",""550"""
"Teleskop,""Mercek Çapı"",""50 mm"",""3"",""350"""
"Teleskop,""Ayna Büyüklüğü"",""114 mm"",""4"",""600"""
"Teleskop,""Ayna Büyüklüğü"",""150 mm"",""3.5"",""500"""
"Teleskop,""Ayna Büyüklüğü"",""76 mm"",""4"",""700"""
"Teleskop,""Odak Oranı"",""f/5"",""3.5"",""450"""
"Teleskop,""Odak Oranı"",""f/8"",""4"",""550"""
"Teleskop,""Odak Oranı"",""f/4"",""3"",""350"""
"Teleskop,""Yakınlaştırma Miktarı"",""100x"",""4"",""800"""
"Teleskop,""Yakınlaştırma Miktarı"",""150x"",""3.5"",""700"""
"Teleskop,""Yakınlaştırma Miktarı"",""200x"",""4"",""900"""
"Teleskop,""Fiyat Aralığı"",""800-1500 TL"",""4"",""800"""
"Teleskop,""Fiyat Aralığı"",""1500-2500 TL"",""3.5"",""700"""
"Teleskop,""Fiyat Aralığı"",""2500-4000 TL"",""4"",""900"""
"Bulaşık Makinesi,""Su Tüketimi"",""8 Litre"", ""4.2"", ""3200"""
"Bulaşık Makinesi,""Su Tüketimi"",""10 Litre"", ""3.8"", ""3600"""
"Bulaşık Makinesi,""Su Tüketimi"",""12 Litre"", ""3.5"", ""3800"""
"Bulaşık Makinesi,""Ses Seviyesi"",""45 dB"", ""3.7"", ""3400"""
"Bulaşık Makinesi,""Ses Seviyesi"",""50 dB"", ""4.0"", ""3800"""
"Bulaşık Makinesi,""Ses Seviyesi"",""55 dB"", ""3.5"", ""3600"""
"Bulaşık Makinesi,""Kapasite"",""12 Kişilik"", ""4.5"", ""4000"""
"Bulaşık Makinesi,""Kapasite"",""10 Kişilik"", ""4.0"", ""3800"""
"Bulaşık Makinesi,""Kapasite"",""8 Kişilik"", ""3.5"", ""3600"""
"Bulaşık Makinesi,""Program Sayısı"",""6"", ""4.2"", ""4200"""
"Bulaşık Makinesi,""Program Sayısı"",""8"", ""4.0"", ""4000"""
"Bulaşık Makinesi,""Program Sayısı"",""10"", ""4.5"", ""4500"""
"Bulaşık Makinesi,""Enerji Sınıfı"",""A++"", ""4.8"", ""4800"""
"Bulaşık Makinesi,""Enerji Sınıfı"",""A+"", ""4.5"", ""4500"""
"Bulaşık Makinesi,""Enerji Sınıfı"",""A"", ""4.2"", ""4200"""
"Bulaşık Makinesi,""Fiyat Aralığı"",""3000-4000 TL"", ""4.0"", ""4000"""
"Bulaşık Makinesi,""Fiyat Aralığı"",""6500-10000 TL"", ""4.3"", ""4300"""
"Bulaşık Makinesi,""Fiyat Aralığı"",""4000-6500 TL"", ""4.5"", ""4500"""
"Buzdolabı,""Dondurucu Hacmi"",""150 Litre"", ""4.0"", ""4000"""
"Buzdolabı,""Dondurucu Hacmi"",""120 Litre"", ""3.8"", ""3800"""
"Buzdolabı,""Dondurucu Hacmi"",""200 Litre"", ""4.2"", ""4200"""
"Buzdolabı,""Soğutucu Hacmi"",""300 Litre"", ""4.5"", ""4500"""
"Buzdolabı,""Soğutucu Hacmi"",""250 Litre"", ""4.3"", ""4300"""
"Buzdolabı,""Soğutucu Hacmi"",""350 Litre"", ""4.8"", ""4800"""
"Buzdolabı,""Ses Düzeyi"",""38 dB"", ""4.0"", ""4000"""
"Buzdolabı,""Ses Düzeyi"",""40 dB"", ""4.2"", ""4200"""
"Buzdolabı,""Ses Düzeyi"",""42 dB"", ""4.5"", ""4500"""
"Buzdolabı,""Enerji Tüketimi"",""150 kWh/yıl"", ""4.0"", ""4000"""
"Buzdolabı,""Enerji Tüketimi"",""130 kWh/yıl"", ""3.8"", ""3800"""
"Buzdolabı,""Enerji Tüketimi"",""170 kWh/yıl"", ""4.2"", ""4200"""
"Buzdolabı,""Enerji Sınıfı"",""A++"", ""4.5"", ""4500"""
"Buzdolabı,""Enerji Sınıfı"",""A+"", ""4.3"", ""4300"""
"Buzdolabı,""Enerji Sınıfı"",""A"", ""4.0"", ""4000"""
"Buzdolabı,""Fiyat Aralığı"",""2000-4000 TL"", ""4.0"", ""4000"""
"Buzdolabı,""Fiyat Aralığı"",""4000-7000 TL"", ""4.3"", ""4300"""
"Buzdolabı,""Fiyat Aralığı"",""7000-12000 TL"", ""4.5"", ""4500"""
"Çamaşır Kurutma Makinesi,""Enerji Sınıfı"",""A++"", ""4.5"", ""4500"""
"Çamaşır Kurutma Makinesi,""Enerji Sınıfı"",""A+"", ""4.2"", ""4200"""
"Çamaşır Kurutma Makinesi,""Enerji Sınıfı"",""A"", ""4.0"", ""4000"""
"Çamaşır Kurutma Makinesi,""Enerji Tüketimi"",""200 kWh/yıl"", ""4.0"", ""4000"""
"Çamaşır Kurutma Makinesi,""Enerji Tüketimi"",""180 kWh/yıl"", ""3.8"", ""3800"""
"Çamaşır Kurutma Makinesi,""Enerji Tüketimi"",""220 kWh/yıl"", ""4.2"", ""4200"""
"Çamaşır Kurutma Makinesi,""Kapasitesi"",""8 Kg"", ""4.0"", ""4000"""
"Çamaşır Kurutma Makinesi,""Kapasitesi"",""10 Kg"", ""4.2"", ""4200"""
"Çamaşır Kurutma Makinesi,""Kapasitesi"",""12 Kg"", ""4.5"", ""4500"""
"Çamaşır Kurutma Makinesi,""Yükseklik"",""85 cm"", ""4.0"", ""4000"""
"Çamaşır Kurutma Makinesi,""Yükseklik"",""90 cm"", ""4.2"", ""4200"""
"Çamaşır Kurutma Makinesi,""Yükseklik"",""95 cm"", ""4.5"", ""4500"""
"Çamaşır Kurutma Makinesi,""Derinlik"",""60 cm"", ""4.0"", ""4000"""
"Çamaşır Kurutma Makinesi,""Derinlik"",""65 cm"", ""4.2"", ""4200"""
"Çamaşır Kurutma Makinesi,""Derinlik"",""70 cm"", ""4.5"", ""4500"""
"Çamaşır Kurutma Makinesi,""Genişlik"",""60 cm"", ""4.0"", ""4000"""
"Çamaşır Kurutma Makinesi,""Genişlik"",""65 cm"", ""4.2"", ""4200"""
"Çamaşır Kurutma Makinesi,""Genişlik"",""70 cm"", ""4.5"", ""4500"""
"Çamaşır Kurutma Makinesi,""Program Sayısı"",""8"", ""4.0"", ""4000"""
"Çamaşır Kurutma Makinesi,""Program Sayısı"",""10"", ""4.2"", ""4200"""
"Çamaşır Kurutma Makinesi,""Program Sayısı"",""12"", ""4.5"", ""4500"""
"Çamaşır Kurutma Makinesi,""Ses Seviyesi"",""42 dB"", ""4.0"", ""4000"""
"Çamaşır Kurutma Makinesi,""Ses Seviyesi"",""45 dB"", ""4.2"", ""4200"""
"Çamaşır Kurutma Makinesi,""Ses Seviyesi"",""48 dB"", ""4.5"", ""4500"""
"Çamaşır Kurutma Makinesi,""Fiyat Aralığı"",""3500-4500 TL"", ""4.0"", ""4000"""
"Çamaşır Kurutma Makinesi,""Fiyat Aralığı"",""6500-8500 TL"", ""4.2"", ""4200"""
"Çamaşır Kurutma Makinesi,""Fiyat Aralığı"",""4500-6500 TL"", ""4.5"", ""4500"""
"Çamaşır Makinesi,""Yükseklik"",""85 cm"", ""4.0"", ""4000"""
"Çamaşır Makinesi,""Yükseklik"",""90 cm"", ""4.2"", ""4200"""
"Çamaşır Makinesi,""Yükseklik"",""95 cm"", ""4.5"", ""4500"""
"Çamaşır Makinesi,""Derinlik"",""60 cm"", ""4.0"", ""4000"""
"Çamaşır Makinesi,""Derinlik"",""65 cm"", ""4.2"", ""4200"""
"Çamaşır Makinesi,""Derinlik"",""70 cm"", ""4.5"", ""4500"""
"Çamaşır Makinesi,""Genişlik"",""60 cm"", ""4.0"", ""4000"""
"Çamaşır Makinesi,""Genişlik"",""65 cm"", ""4.2"", ""4200"""
"Çamaşır Makinesi,""Genişlik"",""70 cm"", ""4.5"", ""4500"""
"Çamaşır Makinesi,""Enerji Tüketimi"",""200 kWh/yıl"", ""4.0"", ""4000"""
"Çamaşır Makinesi,""Enerji Tüketimi"",""180 kWh/yıl"", ""4.2"", ""4200"""
"Çamaşır Makinesi,""Enerji Tüketimi"",""220 kWh/yıl"", ""4.5"", ""4500"""
"Çamaşır Makinesi,""Su Tüketimi"",""40 Litre"", ""4.0"", ""4000"""
"Çamaşır Makinesi,""Su Tüketimi"",""35 Litre"", ""4.2"", ""4200"""
"Çamaşır Makinesi,""Su Tüketimi"",""45 Litre"", ""4.5"", ""4500"""
"Çamaşır Makinesi,""Yıkama Kapasitesi"",""8 Kg"", ""4.0"", ""4000"""
"Çamaşır Makinesi,""Yıkama Kapasitesi"",""10 Kg"", ""4.2"", ""4200"""
"Çamaşır Makinesi,""Yıkama Kapasitesi"",""12 Kg"", ""4.5"", ""4500"""
"Çamaşır Makinesi,""Program Sayısı"",""8"", ""4.0"", ""4000"""
"Çamaşır Makinesi,""Program Sayısı"",""10"", ""4.2"", ""4200"""
"Çamaşır Makinesi,""Program Sayısı"",""12"", ""4.5"", ""4500"""
"Çamaşır Makinesi,""Fiyat Aralığı"",""3000-4500 TL"", ""4.0"", ""4000"""
"Çamaşır Makinesi,""Fiyat Aralığı"",""4500-6500 TL"", ""4.2"", ""4200"""
"Çamaşır Makinesi,""Fiyat Aralığı"",""6500-8500 TL"", ""4.5"", ""4500"""
"Fırın,""Sıcaklık Aralığı"",""200°C - 250°C"", ""3.5"", ""2800"""
"Fırın,""Sıcaklık Aralığı"",""180°C - 220°C"", ""4"", ""3200"""
"Fırın,""Sıcaklık Aralığı"",""160°C - 200°C"", ""3"", ""2700"""
"Fırın,""Enerji tüketimi"",""2000 W"", ""4"", ""3100"""
"Fırın,""Enerji tüketimi"",""1800 W"", ""3.5"", ""2900"""
"Fırın,""Enerji tüketimi"",""2200 W"", ""3"", ""2700"""
"Fırın,""İç Hacim"",""70 Litre"", ""4"", ""3500"""
"Fırın,""İç Hacim"",""60 Litre"", ""3.5"", ""3300"""
"Fırın,""İç Hacim"",""80 Litre"", ""4.5"", ""3700"""
"Fırın,""Program Sayısı"",""5"", ""3.5"", ""3000"""
"Fırın,""Program Sayısı"",""7"", ""4"", ""3200"""
"Fırın,""Program Sayısı"",""10"", ""4.5"", ""3500"""
"Fırın,""Enerji Sınıfı"",""A++"", ""4.5"", ""3800"""
"Fırın,""Enerji Sınıfı"",""A+"", ""4"", ""3600"""
"Fırın,""Enerji Sınıfı"",""A"", ""3.5"", ""3400"""
"Fırın,""Fiyat Aralığı"",""1500-3000 TL"", ""4"", ""3200"""
"Fırın,""Fiyat Aralığı"",""3000-4500 TL"", ""3.5"", ""3000"""
"Fırın,""Fiyat Aralığı"",""4500-7000 TL"", ""4.5"", ""3800"""
"Klima,""Ses Seviyesi"",""40 dB"", ""4"", ""4000"""
"Klima,""Ses Seviyesi"",""45 dB"", ""3.5"", ""3800"""
"Klima,""Ses Seviyesi"",""50 dB"", ""4.5"", ""4200"""
"Klima,""Enerji Sınıfı"",""A++"", ""4.5"", ""4500"""
"Klima,""Enerji Sınıfı"",""A+"", ""4"", ""4300"""
"Klima,""Enerji Sınıfı"",""A"", ""3.5"", ""4100"""
"Klima,""Enerji Tüketimi"",""1200 W"", ""4"", ""4400"""
"Klima,""Enerji Tüketimi"",""1300 W"", ""3.5"", ""4200"""
"Klima,""Enerji Tüketimi"",""1400 W"", ""3"", ""4000"""
"Klima,""Soğutma Kapasitesi"",""9000 BTU"", ""4.5"", ""4600"""
"Klima,""Soğutma Kapasitesi"",""12000 BTU"", ""4"", ""4400"""
"Klima,""Soğutma Kapasitesi"",""15000 BTU"", ""3.5"", ""4200"""
"Klima,""Isıtma Kapasitesi"",""8000 BTU"", ""4.5"", ""4600"""
"Klima,""Isıtma Kapasitesi"",""10000 BTU"", ""4"", ""4400"""
"Klima,""Isıtma Kapasitesi"",""12000 BTU"", ""3.5"", ""4200"""
"Klima,""Hava Akım Miktarı"",""450 m³/saat"", ""4.5"", ""4600"""
"Klima,""Hava Akım Miktarı"",""500 m³/saat"", ""4"", ""4400"""
"Klima,""Hava Akım Miktarı"",""550 m³/saat"", ""3.5"", ""4200"""
"Klima,""Yükseklik"",""30 cm"", ""4"", ""4300"""
"Klima,""Yükseklik"",""35 cm"", ""3.5"", ""4100"""
"Klima,""Yükseklik"",""40 cm"", ""3"", ""3900"""
"Klima,""Genişlik"",""100 cm"", ""4.5"", ""4500"""
"Klima,""Genişlik"",""110 cm"", ""4"", ""4300"""
"Klima,""Genişlik"",""120 cm"", ""3.5"", ""4100"""
"Klima,""Derinlik"",""20 cm"", ""4.5"", ""4500"""
"Klima,""Derinlik"",""25 cm"", ""4"", ""4300"""
"Klima,""Derinlik"",""30 cm"", ""3.5"", ""4100"""
"Klima,""Fiyat Aralığı"",""2000-4000 TL"", ""4"", ""4400"""
"Klima,""Fiyat Aralığı"",""4000-6000 TL"", ""3.5"", ""4200"""
"Klima,""Fiyat Aralığı"",""6000-10000 TL"", ""3"", ""4000"""
"Kombi,""Kapasite"",""24 kW"", ""4.5"", ""4800"""
"Kombi,""Kapasite"",""28 kW"", ""4"", ""4600"""
"Kombi,""Kapasite"",""32 kW"", ""3.5"", ""4400"""
"Kombi,""Verim"",""%94"", ""4.5"", ""4800"""
"Kombi,""Verim"",""%90"", ""4"", ""4600"""
"Kombi,""Verim"",""%88"", ""3.5"", ""4400"""
"Kombi,""Verimlilik Sınıfı"",""A++"", ""4.5"", ""4800"""
"Kombi,""Verimlilik Sınıfı"",""A+"", ""4"", ""4600"""
"Kombi,""Verimlilik Sınıfı"",""A"", ""3.5"", ""4400"""
"Kombi,""Eşanjör Tipi"",""Bakır"", ""4.5"", ""4800"""
"Kombi,""Eşanjör Tipi"",""Alüminyum"", ""4"", ""4600"""
"Kombi,""Eşanjör Tipi"",""Çelik"", ""3.5"", ""4400"""
"Kombi,""Yükseklik"",""80 cm"", ""4.5"", ""4800"""
"Kombi,""Yükseklik"",""85 cm"", ""4"", ""4600"""
"Kombi,""Yükseklik"",""90 cm"", ""3.5"", ""4400"""
"Kombi,""Genişlik"",""40 cm"", ""4.5"", ""4800"""
"Kombi,""Genişlik"",""45 cm"", ""4"", ""4600"""
"Kombi,""Genişlik"",""50 cm"", ""3.5"", ""4400"""
"Kombi,""Derinlik"",""30 cm"", ""4.5"", ""4800"""
"Kombi,""Derinlik"",""35 cm"", ""4"", ""4600"""
"Kombi,""Derinlik"",""40 cm"", ""3.5"", ""4400"""
"Kombi,""Fiyat Aralığı"",""10000-15000 TL"", ""4.5"", ""4800"""
"Kombi,""Fiyat Aralığı"",""15000-25000 TL"", ""4"", ""4600"""
"Kombi,""Fiyat Aralığı"",""25000-40000 TL"", ""3.5"", ""4400"""
"Ocak,""Göz Sayısı"",""4 Göz"", ""4"", ""2700"""
"Ocak,""Göz Sayısı"",""3 Göz"", ""3.5"", ""2500"""
"Ocak,""Göz Sayısı"",""2 Göz"", ""3"", ""2300"""
"Ocak,""Yüzey Tipi"",""Seramik"", ""4"", ""2800"""
"Ocak,""Yüzey Tipi"",""Cam"", ""3.5"", ""2600"""
"Ocak,""Yüzey Tipi"",""Çelik"", ""3"", ""2400"""
"Ocak,""Yakıt Tipi"",""Elektrik"", ""4"", ""2900"""
"Ocak,""Yakıt Tipi"",""Gaz"", ""3.5"", ""2700"""
"Ocak,""Yakıt Tipi"",""Indüksiyon"", ""3"", ""2500"""
"Ocak,""Genişlik"",""60 cm"", ""4"", ""3000"""
"Ocak,""Genişlik"",""70 cm"", ""3.5"", ""2800"""
"Ocak,""Genişlik"",""80 cm"", ""3"", ""2600"""
"Ocak,""Derinlik"",""50 cm"", ""4"", ""3100"""
"Ocak,""Derinlik"",""55 cm"", ""3.5"", ""2900"""
"Ocak,""Derinlik"",""60 cm"", ""3"", ""2700"""
"Ocak,""Fiyat Aralığı"",""800-1500 TL"", ""4"", ""3000"""
"Ocak,""Fiyat Aralığı"",""1500-3000 TL"", ""3.5"", ""2800"""
"Ocak,""Fiyat Aralığı"",""3000-6000 TL"", ""3"", ""2600"""
"El Feneri,""Ampul Cinsi"",""LED"", ""4"", ""100"""
"El Feneri,""Ampul Cinsi"",""Halojen"", ""3.5"", ""90"""
"El Feneri,""Ampul Cinsi"",""Fluoresan"", ""3"", ""80"""
"El Feneri,""Ağırlık"",""200 gram"", ""4"", ""110"""
"El Feneri,""Ağırlık"",""150 gram"", ""3.5"", ""100"""
"El Feneri,""Ağırlık"",""250 gram"", ""3"", ""120"""
"El Feneri,""Kullanım Süresi"",""10 saat"", ""4"", ""130"""
"El Feneri,""Kullanım Süresi"",""8 saat"", ""3.5"", ""120"""
"El Feneri,""Kullanım Süresi"",""12 saat"", ""3"", ""140"""
"El Feneri,""Batarya Boyutu"",""3000 mAh"", ""4"", ""150"""
"El Feneri,""Batarya Boyutu"",""2500 mAh"", ""3.5"", ""140"""
"El Feneri,""Batarya Boyutu"",""3500 mAh"", ""3"", ""160"""
"El Feneri,""Malzemesi"",""Alüminyum"", ""4"", ""170"""
"El Feneri,""Malzemesi"",""Plastik"", ""3.5"", ""160"""
"El Feneri,""Malzemesi"",""Çelik"", ""3"", ""150"""
"El Feneri,""W Miktarı"",""5W"", ""4"", ""170"""
"El Feneri,""W Miktarı"",""3W"", ""3.5"", ""160"""
"El Feneri,""W Miktarı"",""7W"", ""3"", ""150"""
"El Feneri,""Fiyat Aralığı"",""50-100 TL"", ""4"", ""180"""
"El Feneri,""Fiyat Aralığı"",""100-200 TL"", ""3.5"", ""170"""
"El Feneri,""Fiyat Aralığı"",""200-500 TL"", ""3"", ""160"""
"Elektrikli Bisiklet,""Motor Gücü"",""250 W"", ""4"", ""2800"""
"Elektrikli Bisiklet,""Motor Gücü"",""350 W"", ""3.5"", ""2600"""
"Elektrikli Bisiklet,""Motor Gücü"",""500 W"", ""3"", ""2400"""
"Elektrikli Bisiklet,""Jant Boyutu"",""26 inç"", ""4"", ""2900"""
"Elektrikli Bisiklet,""Jant Boyutu"",""28 inç"", ""3.5"", ""2700"""
"Elektrikli Bisiklet,""Jant Boyutu"",""24 inç"", ""3"", ""2500"""
"Elektrikli Bisiklet,""Maksimum Hız"",""25 km/saat"", ""4"", ""3000"""
"Elektrikli Bisiklet,""Maksimum Hız"",""30 km/saat"", ""3.5"", ""2800"""
"Elektrikli Bisiklet,""Maksimum Hız"",""35 km/saat"", ""3"", ""2600"""
"Elektrikli Bisiklet,""Sürüş Mesafesi"",""50 km"", ""4"", ""3100"""
"Elektrikli Bisiklet,""Sürüş Mesafesi"",""60 km"", ""3.5"", ""2900"""
"Elektrikli Bisiklet,""Sürüş Mesafesi"",""70 km"", ""3"", ""2700"""
"Elektrikli Bisiklet,""Taşıma Kapasitesi"",""120 kg"", ""4"", ""3200"""
"Elektrikli Bisiklet,""Taşıma Kapasitesi"",""100 kg"", ""3.5"", ""3000"""
"Elektrikli Bisiklet,""Taşıma Kapasitesi"",""140 kg"", ""3"", ""2800"""
"Elektrikli Bisiklet,""Ağırlık"",""20 kg"", ""4"", ""3300"""
"Elektrikli Bisiklet,""Ağırlık"",""18 kg"", ""3.5"", ""3100"""
"Elektrikli Bisiklet,""Ağırlık"",""22 kg"", ""3"", ""2900"""
"Elektrikli Bisiklet,""Vites Sayısı"",""7 Vites"", ""4"", ""3400"""
"Elektrikli Bisiklet,""Vites Sayısı"",""6 Vites"", ""3.5"", ""3200"""
"Elektrikli Bisiklet,""Vites Sayısı"",""8 Vites"", ""3"", ""3000"""
"Elektrikli Bisiklet,""Şarj Süresi"",""4 saat"", ""4"", ""3500"""
"Elektrikli Bisiklet,""Şarj Süresi"",""5 saat"", ""3.5"", ""3300"""
"Elektrikli Bisiklet,""Şarj Süresi"",""3 saat"", ""3"", ""3100"""
"Elektrikli Bisiklet,""Fiyat Aralığı"",""1000-2000 TL"", ""4"", ""3600"""
"Elektrikli Bisiklet,""Fiyat Aralığı"",""2000-3000 TL"", ""3.5"", ""3400"""
"Elektrikli Bisiklet,""Fiyat Aralığı"",""3000-5000 TL"", ""3"", ""3200"""
"Elektrikli Scooter,""Motor Gücü"",""250 W"", ""4"", ""2000"""
"Elektrikli Scooter,""Motor Gücü"",""350 W"", ""3.5"", ""1800"""
"Elektrikli Scooter,""Motor Gücü"",""500 W"", ""3"", ""1600"""
"Elektrikli Scooter,""Maksimum Hız"",""25 km/saat"", ""4"", ""2200"""
"Elektrikli Scooter,""Maksimum Hız"",""30 km/saat"", ""3.5"", ""2000"""
"Elektrikli Scooter,""Maksimum Hız"",""35 km/saat"", ""3"", ""1800"""
"Elektrikli Scooter,""Sürüş Mesafesi"",""40 km"", ""4"", ""2300"""
"Elektrikli Scooter,""Sürüş Mesafesi"",""50 km"", ""3.5"", ""2100"""
"Elektrikli Scooter,""Sürüş Mesafesi"",""60 km"", ""3"", ""1900"""
"Elektrikli Scooter,""Taşıma Kapasitesi"",""100 kg"", ""4"", ""2400"""
"Elektrikli Scooter,""Taşıma Kapasitesi"",""90 kg"", ""3.5"", ""2200"""
"Elektrikli Scooter,""Taşıma Kapasitesi"",""80 kg"", ""3"", ""2000"""
"Elektrikli Scooter,""Ağırlık"",""12 kg"", ""4"", ""2500"""
"Elektrikli Scooter,""Ağırlık"",""10 kg"", ""3.5"", ""2300"""
"Elektrikli Scooter,""Ağırlık"",""14 kg"", ""3"", ""2100"""
"Elektrikli Scooter,""Şarj Süresi"",""3 saat"", ""4"", ""2600"""
"Elektrikli Scooter,""Şarj Süresi"",""2.5 saat"", ""3.5"", ""2400"""
"Elektrikli Scooter,""Şarj Süresi"",""3.5 saat"", ""3"", ""2200"""
"Elektrikli Scooter,""Fiyat Aralığı"",""2500-5000 TL"", ""4"", ""2700"""
"Elektrikli Scooter,""Fiyat Aralığı"",""1500-2500 TL"", ""3.5"", ""2500"""
"Elektrikli Scooter,""Fiyat Aralığı"",""800-1500 TL"", ""3"", ""2300"""
"Koşu Bandı,""Taşıma Kapasitesi"",""120 kg"", ""4"", ""3000"""
"Koşu Bandı,""Taşıma Kapasitesi"",""100 kg"", ""3.5"", ""2800"""
"Koşu Bandı,""Taşıma Kapasitesi"",""80 kg"", ""3"", ""2600"""
"Koşu Bandı,""Ağırlık"",""60 kg"", ""4"", ""3200"""
"Koşu Bandı,""Ağırlık"",""50 kg"", ""3.5"", ""3000"""
"Koşu Bandı,""Ağırlık"",""70 kg"", ""3"", ""2800"""
"Koşu Bandı,""Maksimum Hız"",""15 km/saat"", ""4"", ""3400"""
"Koşu Bandı,""Maksimum Hız"",""12 km/saat"", ""3.5"", ""3200"""
"Koşu Bandı,""Maksimum Hız"",""18 km/saat"", ""3"", ""3000"""
"Koşu Bandı,""Program Sayısı"",""5 Program"", ""4"", ""3600"""
"Koşu Bandı,""Program Sayısı"",""3 Program"", ""3.5"", ""3400"""
"Koşu Bandı,""Program Sayısı"",""7 Program"", ""3"", ""3200"""
"Koşu Bandı,""Motor Gücü"",""2 HP"", ""4"", ""3800"""
"Koşu Bandı,""Motor Gücü"",""1.5 HP"", ""3.5"", ""3600"""
"Koşu Bandı,""Motor Gücü"",""2.5 HP"", ""3"", ""3400"""
"Koşu Bandı,""Fiyat Aralığı"",""2000-3000 TL"", ""4"", ""4000"""
"Koşu Bandı,""Fiyat Aralığı"",""1000-2000 TL"", ""3.5"", ""3800"""
"Koşu Bandı,""Fiyat Aralığı"",""3000-6000 TL"", ""3"", ""3600"""
"Tekne Motoru,""Güç"",""40 HP"", ""4"", ""8000"""
"Tekne Motoru,""Güç"",""30 HP"", ""3.5"", ""7500"""
"Tekne Motoru,""Güç"",""50 HP"", ""3"", ""7000"""
"Tekne Motoru,""Yakıt Deposu Kapasitesi"",""20 litre"", ""4"", ""8500"""
"Tekne Motoru,""Yakıt Deposu Kapasitesi"",""15 litre"", ""3.5"", ""8000"""
"Tekne Motoru,""Yakıt Deposu Kapasitesi"",""25 litre"", ""3"", ""7500"""
"Tekne Motoru,""Deplasman"",""400 cc"", ""4"", ""9000"""
"Tekne Motoru,""Deplasman"",""350 cc"", ""3.5"", ""8500"""
"Tekne Motoru,""Deplasman"",""450 cc"", ""3"", ""8000"""
"Tekne Motoru,""Ağırlık"",""90 kg"", ""4"", ""9500"""
"Tekne Motoru,""Ağırlık"",""80 kg"", ""3.5"", ""9000"""
"Tekne Motoru,""Ağırlık"",""100 kg"", ""3"", ""8500"""
"Tekne Motoru,""Pervane Çapı"",""14 inç"", ""4"", ""10000"""
"Tekne Motoru,""Pervane Çapı"",""12 inç"", ""3.5"", ""9500"""
"Tekne Motoru,""Pervane Çapı"",""16 inç"", ""3"", ""9000"""
"Tekne Motoru,""Fiyat Aralığı"",""3000-5000 TL"", ""4"", ""10000"""
"Tekne Motoru,""Fiyat Aralığı"",""5000-8000 TL"", ""3.5"", ""9500"""
"Tekne Motoru,""Fiyat Aralığı"",""8000-16000 TL"", ""3"", ""9000"""
"Çim Biçme Makinesi,""Tipi"",""Yürüyücü"",""3.5"",""2200"""
"Çim Biçme Makinesi,""Tipi"",""Sürücülü"",""4"",""2500"""
"Çim Biçme Makinesi,""Tipi"",""Ritmik"",""3"",""2000"""
"Çim Biçme Makinesi,""Kesim Genişliği"",""40 cm"",""4"",""2400"""
"Çim Biçme Makinesi,""Kesim Genişliği"",""36 cm"",""3.5"",""2200"""
"Çim Biçme Makinesi,""Kesim Genişliği"",""42 cm"",""3"",""2000"""
"Çim Biçme Makinesi,""Sepet Hacmi"",""50 litre"",""4"",""2600"""
"Çim Biçme Makinesi,""Sepet Hacmi"",""45 litre"",""3.5"",""2400"""
"Çim Biçme Makinesi,""Sepet Hacmi"",""55 litre"",""3"",""2200"""
"Çim Biçme Makinesi,""Ağırlık"",""20 kg"",""4"",""2800"""
"Çim Biçme Makinesi,""Ağırlık"",""18 kg"",""3.5"",""2600"""
"Çim Biçme Makinesi,""Ağırlık"",""22 kg"",""3"",""2400"""
"Çim Biçme Makinesi,""Motor Gücü"",""1500 W"",""4"",""3000"""
"Çim Biçme Makinesi,""Motor Gücü"",""1200 W"",""3.5"",""2800"""
"Çim Biçme Makinesi,""Motor Gücü"",""1800 W"",""3"",""2600"""
"Çim Biçme Makinesi,""Kesim Yüksekliği"",""20-60 mm"",""4"",""3200"""
"Çim Biçme Makinesi,""Kesim Yüksekliği"",""25-75 mm"",""3.5"",""3000"""
"Çim Biçme Makinesi,""Kesim Yüksekliği"",""15-55 mm"",""3"",""2800"""
"Çim Biçme Makinesi,""Fiyat Aralığı"",""1500-2500 TL"",""4"",""3400"""
"Çim Biçme Makinesi,""Fiyat Aralığı"",""2500-4000 TL"",""3.5"",""3200"""
"Çim Biçme Makinesi,""Fiyat Aralığı"",""4000-7000 TL"",""3"",""3000"""
"Jeneratör,""Yakıt Tipi"",""Benzin"",""4"",""4000"""
"Jeneratör,""Yakıt Tipi"",""Dizel"",""3.5"",""3800"""
"Jeneratör,""Yakıt Tipi"",""Propan"",""3"",""3600"""
"Jeneratör,""Yakıt Depo Hacmi"",""15 litre"",""4"",""4200"""
"Jeneratör,""Yakıt Depo Hacmi"",""12 litre"",""3.5"",""4000"""
"Jeneratör,""Yakıt Depo Hacmi"",""18 litre"",""3"",""3800"""
"Jeneratör,""Ses Seviyesi"",""60 dB"",""4"",""4400"""
"Jeneratör,""Ses Seviyesi"",""55 dB"",""3.5"",""4200"""
"Jeneratör,""Ses Seviyesi"",""65 dB"",""3"",""4000"""
"Jeneratör,""Sürekli Çalışma Süresi"",""8 saat"",""4"",""4600"""
"Jeneratör,""Sürekli Çalışma Süresi"",""6 saat"",""3.5"",""4400"""
"Jeneratör,""Sürekli Çalışma Süresi"",""10 saat"",""3"",""4200"""
"Jeneratör,""Sürekli Güç Miktarı"",""4500 W"",""4"",""4800"""
"Jeneratör,""Sürekli Güç Miktarı"",""4000 W"",""3.5"",""4600"""
"Jeneratör,""Sürekli Güç Miktarı"",""5000 W"",""3"",""4400"""
"Jeneratör,""Fiyat Aralığı"",""3500-5500 TL"",""4"",""5000"""
"Jeneratör,""Fiyat Aralığı"",""5500-7000 TL"",""3.5"",""4800"""
"Jeneratör,""Fiyat Aralığı"",""7000-15000 TL"",""3"",""4600"""
"Matkap,""Güç"",""600 W"",""4"",""240"""
"Matkap,""Güç"",""450 W"",""3.5"",""220"""
"Matkap,""Güç"",""750 W"",""3"",""200"""
"Matkap,""Tipi"",""Darbeli"",""4"",""260"""
"Matkap,""Tipi"",""Darbesiz"",""3.5"",""240"""
"Matkap,""Tipi"",""Vidalama"",""3"",""220"""
"Matkap,""Ağırlığı"",""1.5 kg"",""4"",""280"""
"Matkap,""Ağırlığı"",""1.2 kg"",""3.5"",""260"""
"Matkap,""Ağırlığı"",""1.8 kg"",""3"",""240"""
"Matkap,""Mandren Tipi"",""Anahtarlı"",""4"",""300"""
"Matkap,""Mandren Tipi"",""Anahtarsız"",""3.5"",""280"""
"Matkap,""Mandren Tipi"",""Hızlı Tutma"",""3"",""260"""
"Matkap,""Mandren Ölçüsü"",""10 mm"",""4"",""320"""
"Matkap,""Mandren Ölçüsü"",""8 mm"",""3.5"",""300"""
"Matkap,""Mandren Ölçüsü"",""13 mm"",""3"",""280"""
"Matkap,""Tork"",""15 Nm"",""4"",""340"""
"Matkap,""Tork"",""12 Nm"",""3.5"",""320"""
"Matkap,""Tork"",""18 Nm"",""3"",""300"""
"Matkap,""Fiyat Aralığı"",""200-400 TL"",""4"",""360"""
"Matkap,""Fiyat Aralığı"",""400-800 TL"",""3.5"",""340"""
"Matkap,""Fiyat Aralığı"",""800-2000 TL"",""3"",""320"""
"Şarjlı Vidalama,""Tork"",""20 Nm"",""4"",""300"""
"Şarjlı Vidalama,""Tork"",""18 Nm"",""3.5"",""280"""
"Şarjlı Vidalama,""Tork"",""16 Nm"",""3"",""260"""
"Şarjlı Vidalama,""Batarya Kapasitesi"",""2 Ah"",""4"",""320"""
"Şarjlı Vidalama,""Batarya Kapasitesi"",""1.5 Ah"",""3.5"",""300"""
"Şarjlı Vidalama,""Batarya Kapasitesi"",""1 Ah"",""3"",""280"""
"Şarjlı Vidalama,""Şarj Olma Süresi"",""1 saat"",""4"",""340"""
"Şarjlı Vidalama,""Şarj Olma Süresi"",""1.5 saat"",""3.5"",""320"""
"Şarjlı Vidalama,""Şarj Olma Süresi"",""2 saat"",""3"",""300"""
"Şarjlı Vidalama,""Volt"",""12 V"",""4"",""360"""
"Şarjlı Vidalama,""Volt"",""10.8 V"",""3.5"",""340"""
"Şarjlı Vidalama,""Volt"",""9.6 V"",""3"",""320"""
"Şarjlı Vidalama,""Tipi"",""Darbeli"",""4"",""380"""
"Şarjlı Vidalama,""Tipi"",""Çekiçli"",""3.5"",""360"""
"Şarjlı Vidalama,""Tipi"",""Sabit"",""3"",""340"""
"Şarjlı Vidalama,""Batarya Sayısı"",""2 adet"",""4"",""400"""
"Şarjlı Vidalama,""Batarya Sayısı"",""1 adet"",""3.5"",""380"""
"Şarjlı Vidalama,""Batarya Sayısı"",""3 adet"",""3"",""360"""
"Şarjlı Vidalama,""Fiyat Aralığı"",""200-300 TL"",""4"",""420"""
"Şarjlı Vidalama,""Fiyat Aralığı"",""310-450 TL"",""3.5"",""400"""
"Şarjlı Vidalama,""Fiyat Aralığı"",""460-600 TL"",""3"",""380"""
"Dikey Süpürge,""Ses Seviyesi"",""75 dB"",""4"",""280"""
"Dikey Süpürge,""Ses Seviyesi"",""70 dB"",""3.5"",""260"""
"Dikey Süpürge,""Ses Seviyesi"",""65 dB"",""3"",""240"""
"Dikey Süpürge,""Güç"",""800 W"",""4"",""320"""
"Dikey Süpürge,""Güç"",""700 W"",""3.5"",""300"""
"Dikey Süpürge,""Güç"",""600 W"",""3"",""280"""
"Dikey Süpürge,""Toz Hazne Kapasitesi"",""2 litre"",""4"",""340"""
"Dikey Süpürge,""Toz Hazne Kapasitesi"",""1.5 litre"",""3.5"",""320"""
"Dikey Süpürge,""Toz Hazne Kapasitesi"",""1 litre"",""3"",""300"""
"Dikey Süpürge,""Ağırlık"",""5 kg"",""4"",""360"""
"Dikey Süpürge,""Ağırlık"",""4.5 kg"",""3.5"",""340"""
"Dikey Süpürge,""Ağırlık"",""4 kg"",""3"",""320"""
"Dikey Süpürge,""Bağlantı Tipi"",""Kablolu"",""4"",""380"""
"Dikey Süpürge,""Bağlantı Tipi"",""Kablosuz"",""3.5"",""360"""
"Dikey Süpürge,""Bağlantı Tipi"",""Hibrit (Kablolu ve Kablosuz)"",""3"",""340"""
"Dikey Süpürge,""Kullanım Süresi"",""40 dakika"",""4"",""400"""
"Dikey Süpürge,""Kullanım Süresi"",""30 dakika"",""3.5"",""380"""
"Dikey Süpürge,""Kullanım Süresi"",""20 dakika"",""3"",""360"""
"Dikey Süpürge,""Fiyat Aralığı"",""400-600 TL"",""4"",""420"""
"Dikey Süpürge,""Fiyat Aralığı"",""610-800 TL"",""3.5"",""400"""
"Dikey Süpürge,""Fiyat Aralığı"",""810-1000 TL"",""3"",""380"""
"Hava Temizleme Cihazı,""Yükseklik"",""50 cm"",""4"",""800"""
"Hava Temizleme Cihazı,""Yükseklik"",""45 cm"",""3.5"",""770"""
"Hava Temizleme Cihazı,""Yükseklik"",""55 cm"",""3"",""740"""
"Hava Temizleme Cihazı,""Genişlik"",""30 cm"",""4"",""820"""
"Hava Temizleme Cihazı,""Genişlik"",""35 cm"",""3.5"",""790"""
"Hava Temizleme Cihazı,""Genişlik"",""40 cm"",""3"",""760"""
"Hava Temizleme Cihazı,""Derinlik"",""20 cm"",""4"",""840"""
"Hava Temizleme Cihazı,""Derinlik"",""25 cm"",""3.5"",""810"""
"Hava Temizleme Cihazı,""Derinlik"",""30 cm"",""3"",""780"""
"Hava Temizleme Cihazı,""Ağırlık"",""5 kg"",""4"",""860"""
"Hava Temizleme Cihazı,""Ağırlık"",""4.5 kg"",""3.5"",""830"""
"Hava Temizleme Cihazı,""Ağırlık"",""5.5 kg"",""3"",""800"""
"Hava Temizleme Cihazı,""Temizleme Alanı"",""60 m²"",""4"",""880"""
"Hava Temizleme Cihazı,""Temizleme Alanı"",""55 m²"",""3.5"",""850"""
"Hava Temizleme Cihazı,""Temizleme Alanı"",""65 m²"",""3"",""820"""
"Hava Temizleme Cihazı,""CADR Değeri"",""350 m³/saat"",""4"",""900"""
"Hava Temizleme Cihazı,""CADR Değeri"",""320 m³/saat"",""3.5"",""880"""
"Hava Temizleme Cihazı,""CADR Değeri"",""380 m³/saat"",""3"",""860"""
"Hava Temizleme Cihazı,""Ses Seviyesi"",""45 dB"",""4"",""920"""
"Hava Temizleme Cihazı,""Ses Seviyesi"",""40 dB"",""3.5"",""900"""
"Hava Temizleme Cihazı,""Ses Seviyesi"",""50 dB"",""3"",""880"""
"Hava Temizleme Cihazı,""Fiyat Aralığı"",""780-980 TL"",""3.5"",""930"""
"Hava Temizleme Cihazı,""Fiyat Aralığı"",""990-1200 TL"",""3"",""910"""
"Hava Temizleme Cihazı,""Fiyat Aralığı"",""1210-1400 TL"",""4"",""940"""
"Isıtıcı,""Watt Değeri"",""1500 W"",""4"",""250"""
"Isıtıcı,""Watt Değeri"",""1200 W"",""3.5"",""220"""
"Isıtıcı,""Watt Değeri"",""1000 W"",""3"",""200"""
"Isıtıcı,""Türü"",""Soba Tipi"",""4"",""280"""
"Isıtıcı,""Türü"",""Radyatör Tipi"",""3.5"",""260"""
"Isıtıcı,""Türü"",""Fan Isıtıcı"",""3"",""240"""
"Isıtıcı,""Yükseklik"",""30 cm"",""4"",""300"""
"Isıtıcı,""Yükseklik"",""25 cm"",""3.5"",""280"""
"Isıtıcı,""Yükseklik"",""20 cm"",""3"",""260"""
"Isıtıcı,""Genişlik"",""20 cm"",""4"",""320"""
"Isıtıcı,""Genişlik"",""15 cm"",""3.5"",""300"""
"Isıtıcı,""Genişlik"",""10 cm"",""3"",""280"""
"Isıtıcı,""Isıtma Alanı"",""20 m²"",""4"",""340"""
"Isıtıcı,""Isıtma Alanı"",""15 m²"",""3.5"",""320"""
"Isıtıcı,""Isıtma Alanı"",""10 m²"",""3"",""300"""
"Isıtıcı,""Enerji Tüketimi"",""2000 W"",""4"",""360"""
"Isıtıcı,""Enerji Tüketimi"",""1800 W"",""3.5"",""340"""
"Isıtıcı,""Enerji Tüketimi"",""1600 W"",""3"",""320"""
"Isıtıcı,""Fiyat Aralığı"",""300-500 TL"",""4"",""380"""
"Isıtıcı,""Fiyat Aralığı"",""510-700 TL"",""3.5"",""360"""
"Isıtıcı,""Fiyat Aralığı"",""710-900 TL"",""3"",""340"""
"Kahve Makinesi,""Çeşit Sayısı"",""3 çeşit"",""4"",""250"""
"Kahve Makinesi,""Çeşit Sayısı"",""2 çeşit"",""3.5"",""220"""
"Kahve Makinesi,""Çeşit Sayısı"",""1 çeşit"",""3"",""200"""
"Kahve Makinesi,""Güç Tüketimi"",""1000 W"",""4"",""280"""
"Kahve Makinesi,""Güç Tüketimi"",""800 W"",""3.5"",""260"""
"Kahve Makinesi,""Güç Tüketimi"",""600 W"",""3"",""240"""
"Kahve Makinesi,""Su Hazne Kapasitesi"",""1.5 litre"",""4"",""300"""
"Kahve Makinesi,""Su Hazne Kapasitesi"",""1 litre"",""3.5"",""280"""
"Kahve Makinesi,""Su Hazne Kapasitesi"",""0.5 litre"",""3"",""260"""
"Kahve Makinesi,""Kahve Yapma Sayısı"",""10 fincan"",""4"",""320"""
"Kahve Makinesi,""Kahve Yapma Sayısı"",""8 fincan"",""3.5"",""300"""
"Kahve Makinesi,""Kahve Yapma Sayısı"",""6 fincan"",""3"",""280"""
"Kahve Makinesi,""Yükseklik"",""35 cm"",""4"",""340"""
"Kahve Makinesi,""Yükseklik"",""30 cm"",""3.5"",""320"""
"Kahve Makinesi,""Yükseklik"",""25 cm"",""3"",""300"""
"Kahve Makinesi,""Genişlik"",""25 cm"",""4"",""360"""
"Kahve Makinesi,""Genişlik"",""20 cm"",""3.5"",""340"""
"Kahve Makinesi,""Genişlik"",""15 cm"",""3"",""320"""
"Kahve Makinesi,""Derinlik"",""20 cm"",""4"",""380"""
"Kahve Makinesi,""Derinlik"",""15 cm"",""3.5"",""360"""
"Kahve Makinesi,""Derinlik"",""10 cm"",""3"",""340"""
"Kahve Makinesi,""Fiyat Aralığı"",""200-300 TL"",""4"",""400"""
"Kahve Makinesi,""Fiyat Aralığı"",""310-450 TL"",""3.5"",""380"""
"Kahve Makinesi,""Fiyat Aralığı"",""460-600 TL"",""3"",""360"""
"Mikser,""Güç"",""800 W"",""4"",""300"""
"Mikser,""Güç"",""600 W"",""3.5"",""280"""
"Mikser,""Güç"",""400 W"",""3"",""260"""
"Mikser,""Ağırlık"",""2 kg"",""4"",""320"""
"Mikser,""Ağırlık"",""1.5 kg"",""3.5"",""300"""
"Mikser,""Ağırlık"",""1 kg"",""3"",""280"""
"Mikser,""Kademe Sayısı"",""5 kademe"",""4"",""340"""
"Mikser,""Kademe Sayısı"",""4 kademe"",""3.5"",""320"""
"Mikser,""Kademe Sayısı"",""3 kademe"",""3"",""300"""
"Mikser,""Enerji Tüketimi"",""1000 W"",""4"",""360"""
"Mikser,""Enerji Tüketimi"",""800 W"",""3.5"",""340"""
"Mikser,""Enerji Tüketimi"",""600 W"",""3"",""320"""
"Mikser,""Kablo Uzunluğu"",""1.5 metre"",""4"",""380"""
"Mikser,""Kablo Uzunluğu"",""1 metre"",""3.5"",""360"""
"Mikser,""Kablo Uzunluğu"",""0.5 metre"",""3"",""340"""
"Mikser,""Fiyat Aralığı"",""100-200 TL"",""4"",""400"""
"Mikser,""Fiyat Aralığı"",""210-300 TL"",""3.5"",""380"""
"Mikser,""Fiyat Aralığı"",""310-400 TL"",""3"",""360"""
"Robot Süpürge,""Emiş Gücü"",""2000 Pa"",""4"",""350"""
"Robot Süpürge,""Emiş Gücü"",""1800 Pa"",""3.5"",""330"""
"Robot Süpürge,""Emiş Gücü"",""1500 Pa"",""3"",""310"""
"Robot Süpürge,""Toz Haznesi Kapasitesi"",""0.6 litre"",""4"",""380"""
"Robot Süpürge,""Toz Haznesi Kapasitesi"",""0.5 litre"",""3.5"",""360"""
"Robot Süpürge,""Toz Haznesi Kapasitesi"",""0.4 litre"",""3"",""340"""
"Robot Süpürge,""Batarya Kapasitesi"",""3000 mAh"",""4"",""400"""
"Robot Süpürge,""Batarya Kapasitesi"",""2500 mAh"",""3.5"",""380"""
"Robot Süpürge,""Batarya Kapasitesi"",""2000 mAh"",""3"",""360"""
"Robot Süpürge,""Şarj Süresi"",""2 saat"",""4"",""420"""
"Robot Süpürge,""Şarj Süresi"",""3 saat"",""3.5"",""400"""
"Robot Süpürge,""Şarj Süresi"",""4 saat"",""3"",""380"""
"Robot Süpürge,""Aşabildiği Engel Yüksekliği"",""2 cm"",""4"",""440"""
"Robot Süpürge,""Aşabildiği Engel Yüksekliği"",""1.5 cm"",""3.5"",""420"""
"Robot Süpürge,""Aşabildiği Engel Yüksekliği"",""1 cm"",""3"",""400"""
"Robot Süpürge,""Su Haznesi Kapasitesi"",""300 ml"",""4"",""460"""
"Robot Süpürge,""Su Haznesi Kapasitesi"",""250 ml"",""3.5"",""440"""
"Robot Süpürge,""Su Haznesi Kapasitesi"",""200 ml"",""3"",""420"""
"Robot Süpürge,""Ses Seviyesi"",""65 dB"",""4"",""480"""
"Robot Süpürge,""Ses Seviyesi"",""60 dB"",""3.5"",""460"""
"Robot Süpürge,""Ses Seviyesi"",""55 dB"",""3"",""440"""
"Robot Süpürge,""Fiyat Aralığı"",""1000-2000 TL"",""4"",""500"""
"Robot Süpürge,""Fiyat Aralığı"",""2000-4000 TL"",""3.5"",""480"""
"Robot Süpürge,""Fiyat Aralığı"",""4000-10000 TL"",""3"",""460"""
"Ütü,""Su Hazne Kapasitesi"",""400 ml"",""4"",""340"""
"Ütü,""Su Hazne Kapasitesi"",""350 ml"",""3.5"",""320"""
"Ütü,""Su Hazne Kapasitesi"",""300 ml"",""3"",""300"""
"Ütü,""Güç"",""2400 W"",""4"",""360"""
"Ütü,""Güç"",""2200 W"",""3.5"",""340"""
"Ütü,""Güç"",""2000 W"",""3"",""320"""
"Ütü,""Şok Buhar"",""Var"",""4"",""380"""
"Ütü,""Şok Buhar"",""Yok"",""3.5"",""360"""
"Ütü,""Şok Buhar"",""Opsiyonel"",""3"",""340"""
"Ütü,""Sürekli Buhar"",""Var"",""4"",""400"""
"Ütü,""Sürekli Buhar"",""Yok"",""3.5"",""380"""
"Ütü,""Sürekli Buhar"",""Opsiyonel"",""3"",""360"""
"Ütü,""Ağırlık"",""1.5 kg"",""4"",""420"""
"Ütü,""Ağırlık"",""1.2 kg"",""3.5"",""400"""
"Ütü,""Ağırlık"",""1 kg"",""3"",""380"""
"Ütü,""Kablo Uzunluğu"",""2.5 metre"",""4"",""440"""
"Ütü,""Kablo Uzunluğu"",""2 metre"",""3.5"",""420"""
"Ütü,""Kablo Uzunluğu"",""1.5 metre"",""3"",""400"""
"Ütü,""Enerji Tüketimi"",""2200 W"",""4"",""460"""
"Ütü,""Enerji Tüketimi"",""2000 W"",""3.5"",""440"""
"Ütü,""Enerji Tüketimi"",""1800 W"",""3"",""420"""
"Ütü,""Fiyat Aralığı"",""500-1000 TL"",""4"",""480"""
"Ütü,""Fiyat Aralığı"",""1000-2000 TL"",""3.5"",""460"""
"Ütü,""Fiyat Aralığı"",""2000-4000 TL"",""3"",""440"""
"Akıllı Saat,""Ekran Boyutu"",""1.3 inç"",""4"",""220"""
"Akıllı Saat,""Ekran Boyutu"",""1.2 inç"",""3.5"",""200"""
"Akıllı Saat,""Ekran Boyutu"",""1.1 inç"",""3"",""180"""
"Akıllı Saat,""Çalışma Süresi"",""2 gün"",""4"",""240"""
"Akıllı Saat,""Çalışma Süresi"",""1.5 gün"",""3.5"",""220"""
"Akıllı Saat,""Çalışma Süresi"",""1 gün"",""3"",""200"""
"Akıllı Saat,""Özellik Sayısı"",""10"",""4"",""260"""
"Akıllı Saat,""Özellik Sayısı"",""8"",""3.5"",""240"""
"Akıllı Saat,""Özellik Sayısı"",""6"",""3"",""220"""
"Akıllı Saat,""Su Geçirmezlik Seviyesi"",""IP68"",""4"",""280"""
"Akıllı Saat,""Su Geçirmezlik Seviyesi"",""IP67"",""3.5"",""260"""
"Akıllı Saat,""Su Geçirmezlik Seviyesi"",""IP65"",""3"",""240"""
"Akıllı Saat,""Yedek Kordon Sayısı"",""2"",""4"",""300"""
"Akıllı Saat,""Yedek Kordon Sayısı"",""1"",""3.5"",""280"""
"Akıllı Saat,""Yedek Kordon Sayısı"",""0"",""3"",""260"""
"Akıllı Saat,""Fiyat Aralığı"",""800-1600 TL"",""4"",""320"""
"Akıllı Saat,""Fiyat Aralığı"",""1600-3000 TL"",""3.5"",""300"""
"Akıllı Saat,""Fiyat Aralığı"",""3000-5000 TL"",""3"",""280"""
"Fotoğraf Makinesi,""Megapiksel"",""12 MP"",""4.0"",""1500"""
"Fotoğraf Makinesi,""Megapiksel"",""24 MP"",""4.5"",""2000"""
"Fotoğraf Makinesi,""Megapiksel"",""36 MP"",""5.0"",""2500"""
"Fotoğraf Makinesi,""Sensör Tipi"",""CMOS"",""4.0"",""1800"""
"Fotoğraf Makinesi,""Sensör Tipi"",""CCD"",""3.5"",""1600"""
"Fotoğraf Makinesi,""Sensör Boyutu"",""1/2.3 inç"",""3.5"",""1400"""
"Fotoğraf Makinesi,""Sensör Boyutu"",""Full Frame"",""4.8"",""2400"""
"Fotoğraf Makinesi,""Enstantane"",""1/4000 saniye"",""4.5"",""2200"""
"Fotoğraf Makinesi,""Enstantane"",""1/8000 saniye"",""4.7"",""2300"""
"Fotoğraf Makinesi,""ISO Değeri"",""25600"",""4.2"",""2100"""
"Fotoğraf Makinesi,""ISO Değeri"",""6400"",""3.8"",""1900"""
"Fotoğraf Makinesi,""Diyagram Genişliği"",""f/1.8"",""4.4"",""2200"""
"Fotoğraf Makinesi,""Diyagram Genişliği"",""f/2.8"",""4.1"",""2000"""
"Fotoğraf Makinesi,""Fiyat Aralığı"",""2500-3500 TL"",""4.0"",""1900"""
"Fotoğraf Makinesi,""Fiyat Aralığı"",""3500-4500 TL"",""4.3"",""2100"""
"Fotoğraf Makinesi,""Fiyat Aralığı"",""4500-5500 TL"",""4.5"",""2300"""
"Harddisk,""RPM"",""5400"",""3.5"",""1200"""
"Harddisk,""RPM"",""7200"",""4.0"",""1500"""
"Harddisk,""RPM"",""10000"",""4.2"",""1800"""
"Harddisk,""Kapasite"",""1 TB"",""4.0"",""1400"""
"Harddisk,""Kapasite"",""2 TB"",""4.5"",""1700"""
"Harddisk,""Kapasite"",""500 GB"",""3.5"",""1100"""
"Harddisk,""Kapasite"",""4 TB"",""4.7"",""2000"""
"Harddisk,""Bağlantı Tipi"",""SATA"",""3.5"",""1300"""
"Harddisk,""Bağlantı Tipi"",""USB 3.0"",""4.0"",""1600"""
"Harddisk,""Cache Bellek"",""64 MB"",""4.0"",""1600"""
"Harddisk,""Cache Bellek"",""128 MB"",""4.5"",""1800"""
"Harddisk,""Cache Bellek"",""32 MB"",""3.5"",""1400"""
"Harddisk,""Tipi"",""HDD"",""3.5"",""1500"""
"Harddisk,""Tipi"",""SSD"",""4.5"",""1900"""
"Harddisk,""Tipi"",""Hibrit"",""4.1"",""1700"""
"Harddisk,""Fiyat Aralığı"",""500-1000 TL"",""3.5"",""1300"""
"Harddisk,""Fiyat Aralığı"",""1000-2000 TL"",""4.0"",""1600"""
"Harddisk,""Fiyat Aralığı"",""2000-3000 TL"",""4.5"",""1900"""
"Hoparlör,""Hoparlör Sayısı"",""2"",""3.5"",""1200"""
"Hoparlör,""Hoparlör Sayısı"",""4"",""4.0"",""1500"""
"Hoparlör,""Hoparlör Sayısı"",""1"",""3.0"",""1000"""
"Hoparlör,""Hoparlör Sayısı"",""6"",""4.5"",""1800"""
"Hoparlör,""Frekans Değeri"",""20Hz-20kHz"",""4.0"",""1400"""
"Hoparlör,""Frekans Değeri"",""50Hz-18kHz"",""3.5"",""1100"""
"Hoparlör,""Frekans Değeri"",""60Hz-22kHz"",""4.2"",""1600"""
"Hoparlör,""Frekans Değeri"",""40Hz-16kHz"",""3.2"",""900"""
"Hoparlör,""RMS Ses Gücü"",""20W"",""3.5"",""1200"""
"Hoparlör,""RMS Ses Gücü"",""50W"",""4.5"",""1800"""
"Hoparlör,""RMS Ses Gücü"",""10W"",""3.0"",""1000"""
"Hoparlör,""RMS Ses Gücü"",""100W"",""4.8"",""2000"""
"Hoparlör,""Bağlantı Tipi Sayısı"",""3"",""4.0"",""1600"""
"Hoparlör,""Bağlantı Tipi Sayısı"",""1"",""3.0"",""1000"""
"Hoparlör,""Bağlantı Tipi Sayısı"",""2"",""3.5"",""1200"""
"Hoparlör,""Bağlantı Tipi Sayısı"",""4"",""4.3"",""1800"""
"Hoparlör,""Fiyat Aralığı"",""300-500 TL"",""3.5"",""1300"""
"Hoparlör,""Fiyat Aralığı"",""500-1000 TL"",""4.0"",""1600"""
"Hoparlör,""Fiyat Aralığı"",""1000-2000 TL"",""4.5"",""1900"""
"Klavye,""Bağlantı Tipi"",""Kablolu"",""3.5"",""1200"""
"Klavye,""Bağlantı Tipi"",""Kablosuz"",""4.0"",""1500"""
"Klavye,""Bağlantı Tipi"",""Bluetooth"",""4.1"",""1600"""
"Klavye,""Switch Tipi"",""Membran"",""3.0"",""1000"""
"Klavye,""Switch Tipi"",""Mekanik"",""4.5"",""1800"""
"Klavye,""Switch Tipi"",""Scissor"",""4.2"",""1700"""
"Klavye,""Tuş Basım Ömrü"",""5 milyon"",""3.5"",""1100"""
"Klavye,""Tuş Basım Ömrü"",""10 milyon"",""4.0"",""1400"""
"Klavye,""Tuş Basım Ömrü"",""20 milyon"",""4.5"",""1800"""
"Klavye,""Boyutu"",""Standart"",""4.0"",""1300"""
"Klavye,""Boyutu"",""Kompakt"",""3.5"",""1200"""
"Klavye,""Boyutu"",""Ergonomik"",""4.3"",""1700"""
"Klavye,""Fiyat Aralığı"",""150-300 TL"",""3.5"",""1300"""
"Klavye,""Fiyat Aralığı"",""300-500 TL"",""4.0"",""1600"""
"Klavye,""Fiyat Aralığı"",""500-1000 TL"",""4.5"",""1900"""
"Kulakiçi Bluetooth Kulaklık,""Ses Seviyesi"",""90 dB"",""4.0"",""1500"""
"Kulakiçi Bluetooth Kulaklık,""Ses Seviyesi"",""95 dB"",""4.2"",""1700"""
"Kulakiçi Bluetooth Kulaklık,""Ses Seviyesi"",""85 dB"",""3.8"",""1400"""
"Kulakiçi Bluetooth Kulaklık,""Kullanım Süresi"",""8 saat"",""4.0"",""1600"""
"Kulakiçi Bluetooth Kulaklık,""Kullanım Süresi"",""5 saat"",""3.5"",""1400"""
"Kulakiçi Bluetooth Kulaklık,""Kullanım Süresi"",""10 saat"",""4.3"",""1800"""
"Kulakiçi Bluetooth Kulaklık,""Tipi"",""In-ear"",""4.0"",""1500"""
"Kulakiçi Bluetooth Kulaklık,""Tipi"",""True Wireless"",""4.5"",""1800"""
"Kulakiçi Bluetooth Kulaklık,""Tipi"",""Neckband"",""3.7"",""1300"""
"Kulakiçi Bluetooth Kulaklık,""Mikrofon Sayısı"",""1"",""3.5"",""1300"""
"Kulakiçi Bluetooth Kulaklık,""Mikrofon Sayısı"",""2"",""4.0"",""1600"""
"Kulakiçi Bluetooth Kulaklık,""Ek Özellik Sayısı"",""3"",""3.5"",""1400"""
"Kulakiçi Bluetooth Kulaklık,""Ek Özellik Sayısı"",""5"",""4.2"",""1700"""
"Kulakiçi Bluetooth Kulaklık,""Ek Özellik Sayısı"",""2"",""3.2"",""1200"""
"Kulakiçi Bluetooth Kulaklık,""Fiyat Aralığı"",""200-500 TL"",""3.0"",""1200"""
"Kulakiçi Bluetooth Kulaklık,""Fiyat Aralığı"",""500-1000 TL"",""3.5"",""1500"""
"Kulakiçi Bluetooth Kulaklık,""Fiyat Aralığı"",""1000-2000 TL"",""4.0"",""1800"""
"Kulaküstü Bluetooth Kulaklık,""Ses Seviyesi"",""100 dB"",""4.0"",""1600"""
"Kulaküstü Bluetooth Kulaklık,""Ses Seviyesi"",""105 dB"",""4.3"",""1800"""
"Kulaküstü Bluetooth Kulaklık,""Ses Seviyesi"",""95 dB"",""3.7"",""1400"""
"Kulaküstü Bluetooth Kulaklık,""Kullanım Süresi"",""10 saat"",""4.0"",""1700"""
"Kulaküstü Bluetooth Kulaklık,""Kullanım Süresi"",""12 saat"",""4.5"",""1900"""
"Kulaküstü Bluetooth Kulaklık,""Kullanım Süresi"",""8 saat"",""3.8"",""1500"""
"Kulaküstü Bluetooth Kulaklık,""Ek Özellik Sayısı"",""4"",""4.0"",""1600"""
"Kulaküstü Bluetooth Kulaklık,""Ek Özellik Sayısı"",""6"",""4.5"",""1900"""
"Kulaküstü Bluetooth Kulaklık,""Ek Özellik Sayısı"",""3"",""3.5"",""1400"""
"Kulaküstü Bluetooth Kulaklık,""Fiyat Aralığı"",""300-600 TL"",""3.0"",""1300"""
"Kulaküstü Bluetooth Kulaklık,""Fiyat Aralığı"",""600-1200 TL"",""3.5"",""1600"""
"Kulaküstü Bluetooth Kulaklık,""Fiyat Aralığı"",""1200-2500 TL"",""4.0"",""2000"""
"Mikrofon,""Türü"",""Dinamik"",""3.5"",""1400"""
"Mikrofon,""Türü"",""Kondenser"",""4.0"",""1700"""
"Mikrofon,""Türü"",""Elektret"",""3.8"",""1500"""
"Mikrofon,""Frekans Tepkime Süresi"",""20Hz-20kHz"",""4.0"",""1600"""
"Mikrofon,""Frekans Tepkime Süresi"",""50Hz-18kHz"",""3.5"",""1400"""
"Mikrofon,""Frekans Tepkime Süresi"",""30Hz-22kHz"",""4.2"",""1700"""
"Mikrofon,""Hassasiyet"",""-54 dB"",""3.8"",""1500"""
"Mikrofon,""Hassasiyet"",""-48 dB"",""4.1"",""1700"""
"Mikrofon,""Hassasiyet"",""-60 dB"",""3.5"",""1300"""
"Mikrofon,""Empedans"",""150 Ohm"",""4.0"",""1600"""
"Mikrofon,""Empedans"",""200 Ohm"",""3.5"",""1400"""
"Mikrofon,""Empedans"",""100 Ohm"",""4.2"",""1700"""
"Mikrofon,""Fiyat Aralığı"",""100-300 TL"",""3.0"",""1200"""
"Mikrofon,""Fiyat Aralığı"",""300-500 TL"",""3.5"",""1500"""
"Mikrofon,""Fiyat Aralığı"",""500-1000 TL"",""4.0"",""1800"""
"Monitör,""Ekran Boyutu"",""24 inç"",""4.0"",""1400"""
"Monitör,""Ekran Boyutu"",""27 inç"",""4.5"",""1700"""
"Monitör,""Ekran Boyutu"",""32 inç"",""4.7"",""2000"""
"Monitör,""Ekran Renkleri"",""16.7 milyon"",""4.0"",""1600"""
"Monitör,""Ekran Renkleri"",""1.07 milyar"",""4.5"",""1900"""
"Monitör,""Hertz"",""60 Hz"",""3.5"",""1300"""
"Monitör,""Hertz"",""144 Hz"",""4.5"",""1800"""
"Monitör,""Hertz"",""240 Hz"",""4.8"",""2100"""
"Monitör,""Tepkime Süresi"",""5 ms"",""3.5"",""1200"""
"Monitör,""Tepkime Süresi"",""1 ms"",""4.5"",""1800"""
"Monitör,""Tepkime Süresi"",""3 ms"",""4.0"",""1500"""
"Monitör,""Panel Tipi"",""IPS"",""4.0"",""1700"""
"Monitör,""Panel Tipi"",""TN"",""3.5"",""1300"""
"Monitör,""Panel Tipi"",""VA"",""4.2"",""1600"""
"Monitör,""Çözünürlük"",""1920x1080"",""4.0"",""1600"""
"Monitör,""Çözünürlük"",""2560x1440"",""4.5"",""1900"""
"Monitör,""Çözünürlük"",""3840x2160"",""4.8"",""2200"""
"Monitör,""Parlaklık"",""250 cd/m²"",""3.5"",""1300"""
"Monitör,""Parlaklık"",""350 cd/m²"",""4.0"",""1600"""
"Monitör,""Parlaklık"",""400 cd/m²"",""4.5"",""1900"""
"Monitör,""Kontrast"",""1000:1"",""4.0"",""1500"""
"Monitör,""Kontrast"",""3000:1"",""4.5"",""1800"""
"Monitör,""Fiyat Aralığı"",""500-1000 TL"",""3.0"",""1200"""
"Monitör,""Fiyat Aralığı"",""1000-2000 TL"",""3.5"",""1500"""
"Monitör,""Fiyat Aralığı"",""2000-4000 TL"",""4.0"",""1800"""
"Mouse,""Bağlantı Tipi"",""Kablolu"",""3.5"",""1200"""
"Mouse,""Bağlantı Tipi"",""Kablosuz"",""4.0"",""1500"""
"Mouse,""Lazer Tipi"",""Optik"",""4.0"",""1600"""
"Mouse,""Lazer Tipi"",""Lazer"",""4.5"",""1800"""
"Mouse,""Tuş Basım Ömrü"",""5 milyon"",""3.5"",""1300"""
"Mouse,""Tuş Basım Ömrü"",""10 milyon"",""4.0"",""1600"""
"Mouse,""DPI"",""800"",""3.0"",""1000"""
"Mouse,""DPI"",""1600"",""4.0"",""1400"""
"Mouse,""DPI"",""3200"",""4.5"",""1800"""
"Mouse,""Tepkime Süresi"",""1 ms"",""4.5"",""1700"""
"Mouse,""Tepkime Süresi"",""5 ms"",""3.5"",""1300"""
"Mouse,""Tuş Sayısı"",""6"",""4.0"",""1500"""
"Mouse,""Tuş Sayısı"",""8"",""4.5"",""1800"""
"Mouse,""Fiyat Aralığı"",""50-150 TL"",""3.0"",""1000"""
"Mouse,""Fiyat Aralığı"",""150-300 TL"",""3.5"",""1300"""
"Mouse,""Fiyat Aralığı"",""300-500 TL"",""4.0"",""1600"""
"Laptop,""İşlemci Hızı"",""2.5 GHz"",""4.0"",""1700"""
"Laptop,""İşlemci Hızı"",""3.5 GHz"",""4.5"",""2000"""
"Laptop,""İşlemci Çekirdek Sayısı"",""4"",""4.0"",""1600"""
"Laptop,""İşlemci Çekirdek Sayısı"",""6"",""4.5"",""1900"""
"Laptop,""RAM"",""8 GB"",""4.0"",""1500"""
"Laptop,""RAM"",""16 GB"",""4.5"",""1800"""
"Laptop,""Ağırlık"",""1.5 kg"",""4.0"",""1600"""
"Laptop,""Ağırlık"",""2 kg"",""3.5"",""1400"""
"Laptop,""Boyut"",""13 inç"",""4.0"",""1700"""
"Laptop,""Boyut"",""15 inç"",""4.5"",""2000"""
"Laptop,""Ekran Kartı Hafızası"",""2 GB"",""3.5"",""1300"""
"Laptop,""Ekran Kartı Hafızası"",""4 GB"",""4.0"",""1600"""
"Laptop,""Ekran Kartı Bellek Hızı"",""5 Gbps"",""4.0"",""1500"""
"Laptop,""Ekran Kartı Bellek Hızı"",""7 Gbps"",""4.5"",""1800"""
"Laptop,""Fiyat Aralığı"",""2000-4000 TL"",""3.5"",""1400"""
"Laptop,""Fiyat Aralığı"",""4000-7000 TL"",""4.0"",""1700"""
"Laptop,""Fiyat Aralığı"",""7000-10000 TL"",""4.5"",""2000"""
"Powerbank,""Kapasite"",""10000 mAh"",""4.0"",""1400"""
"Powerbank,""Kapasite"",""20000 mAh"",""4.5"",""1800"""
"Powerbank,""Kapasite"",""5000 mAh"",""3.5"",""1200"""
"Powerbank,""Boyut"",""Küçük"",""3.5"",""1300"""
"Powerbank,""Boyut"",""Orta"",""4.0"",""1500"""
"Powerbank,""Boyut"",""Büyük"",""4.2"",""1700"""
"Powerbank,""Ağırlık"",""250 gr"",""3.5"",""1200"""
"Powerbank,""Ağırlık"",""500 gr"",""4.0"",""1500"""
"Powerbank,""Ağırlık"",""750 gr"",""4.2"",""1700"""
"Powerbank,""Fiyat Aralığı"",""800-1200 TL"",""3.0"",""1100"""
"Powerbank,""Fiyat Aralığı"",""200-400 TL"",""3.5"",""1400"""
"Powerbank,""Fiyat Aralığı"",""400-800 TL"",""4.0"",""1700"""
"Projeksiyon,""Çözünürlük"",""1280x720"",""3.5"",""1300"""
"Projeksiyon,""Çözünürlük"",""1920x1080"",""4.0"",""1600"""
"Projeksiyon,""Çözünürlük"",""3840x2160"",""4.5"",""2000"""
"Projeksiyon,""Parlaklık"",""3000 lümen"",""4.0"",""1500"""
"Projeksiyon,""Parlaklık"",""5000 lümen"",""4.5"",""1800"""
"Projeksiyon,""Parlaklık"",""1000 lümen"",""3.5"",""1200"""
"Projeksiyon,""Kontrast"",""1000:1"",""3.5"",""1300"""
"Projeksiyon,""Kontrast"",""2000:1"",""4.0"",""1600"""
"Projeksiyon,""Kontrast"",""5000:1"",""4.5"",""1900"""
"Projeksiyon,""Işık Kaynağı Tipi"",""LED"",""4.0"",""1600"""
"Projeksiyon,""Işık Kaynağı Tipi"",""Lazer"",""4.5"",""1900"""
"Projeksiyon,""Ampul Ömrü"",""20.000 saat"",""4.0"",""1600"""
"Projeksiyon,""Ampul Ömrü"",""30.000 saat"",""4.5"",""1900"""
"Projeksiyon,""Görüntü Teknolojisi"",""DLP"",""4.0"",""1600"""
"Projeksiyon,""Görüntü Teknolojisi"",""LCD"",""3.5"",""1300"""
"Projeksiyon,""Fan Sesi"",""Düşük"",""4.5"",""1800"""
"Projeksiyon,""Fan Sesi"",""Orta"",""3.5"",""1400"""
"Projeksiyon,""Fiyat Aralığı"",""500-1000 TL"",""3.0"",""1200"""
"Projeksiyon,""Fiyat Aralığı"",""1000-2000 TL"",""3.5"",""1500"""
"Projeksiyon,""Fiyat Aralığı"",""2000-4000 TL"",""4.0"",""1800"""
"SSD,""Kapasite"",""256 GB"",""3.5"",""1300"""
"SSD,""Kapasite"",""512 GB"",""4.0"",""1600"""
"SSD,""Kapasite"",""1 TB"",""4.5"",""2000"""
"SSD,""Okuma Hızı"",""500 MB/s"",""4.0"",""1500"""
"SSD,""Okuma Hızı"",""1000 MB/s"",""3"",""1800"""
"SSD,""Yazma Hızı"",""4500 MB/s"",""3.5"",""1300"""
"SSD,""Yazma Hızı"",""5000 MB/s"",""4.0"",""2000"""
"SSD,""Bağlantı Tipi"",""SATA"",""3.5"",""1200"""
"SSD,""Bağlantı Tipi"",""NVMe"",""4.5"",""1900"""
"SSD,""Bağlantı Tipi"",""M2"",""4.5"",""2500"""
"SSD,""Fiyat Aralığı"",""2000-5000 TL"",""3.0"",""1100"""
"SSD,""Fiyat Aralığı"",""500-1000 TL"",""3.5"",""1400"""
"SSD,""Fiyat Aralığı"",""1000-2000 TL"",""4.0"",""1700"""
"Tablet,""Ekran Boyutu"",""8 inç"",""3.5"",""1300"""
"Tablet,""Ekran Boyutu"",""10 inç"",""4.0"",""1600"""
"Tablet,""Ekran Boyutu"",""12 inç"",""4.5"",""1900"""
"Tablet,""RAM"",""2 GB"",""3.0"",""1200"""
"Tablet,""RAM"",""4 GB"",""4.0"",""1500"""
"Tablet,""RAM"",""8 GB"",""4.5"",""1800"""
"Tablet,""Bellek Kapasitesi"",""32 GB"",""3.5"",""1300"""
"Tablet,""Bellek Kapasitesi"",""64 GB"",""4.0"",""1600"""
"Tablet,""Bellek Kapasitesi"",""128 GB"",""4.5"",""1900"""
"Tablet,""İşlemci Çekirdek Sayısı"",""4"",""3.5"",""1400"""
"Tablet,""İşlemci Çekirdek Sayısı"",""8"",""4.0"",""1700"""
"Tablet,""Ekran Çözünürlüğü"",""1280x800"",""3.5"",""1300"""
"Tablet,""Ekran Çözünürlüğü"",""1920x1080"",""4.0"",""1600"""
"Tablet,""Ekran Çözünürlüğü"",""2560x1440"",""4.5"",""1900"""
"Tablet,""Ekran Modeli"",""IPS"",""4.0"",""1500"""
"Tablet,""Ekran Modeli"",""AMOLED"",""4.5"",""1800"""
"Tablet,""Fiyat Aralığı"",""500-1000 TL"",""3.0"",""1100"""
"Tablet,""Fiyat Aralığı"",""1000-2000 TL"",""3.5"",""1400"""
"Tablet,""Fiyat Aralığı"",""2000-3000 TL"",""4.0"",""1700"""
"Telefon,""Hafıza"",""64 GB"",""4.0"",""1600"""
"Telefon,""Hafıza"",""128 GB"",""4.5"",""1900"""
"Telefon,""Hafıza"",""256 GB"",""4.7"",""2100"""
"Telefon,""RAM"",""4 GB"",""3.5"",""1300"""
"Telefon,""RAM"",""6 GB"",""4.0"",""1600"""
"Telefon,""RAM"",""8 GB"",""4.5"",""1900"""
"Telefon,""Ekran Boyutu"",""5.5 inç"",""3.5"",""1300"""
"Telefon,""Ekran Boyutu"",""6.1 inç"",""4.0"",""1600"""
"Telefon,""Ekran Boyutu"",""6.5 inç"",""4.5"",""1900"""
"Telefon,""Kamera Megapikseli"",""12 MP"",""4.0"",""1600"""
"Telefon,""Kamera Megapikseli"",""48 MP"",""4.5"",""2000"""
"Telefon,""Kamera Megapikseli"",""64 MP"",""4.7"",""2200"""
"Telefon,""Ekran Tipi"",""LCD"",""3.5"",""1300"""
"Telefon,""Ekran Tipi"",""OLED"",""4.5"",""1900"""
"Telefon,""Ekran Tipi"",""AMOLED"",""4.7"",""2100"""
"Telefon,""İşlemci Çekirdek Sayısı"",""4"",""3.5"",""1300"""
"Telefon,""İşlemci Çekirdek Sayısı"",""8"",""4.5"",""1900"""
"Telefon,""Fiyat Aralığı"",""3000-5000 TL"",""3.0"",""1200"""
"Telefon,""Fiyat Aralığı"",""5000-10000 TL"",""3.5"",""1500"""
"Telefon,""Fiyat Aralığı"",""10000-30000 TL"",""4.0"",""1800"""
"Televizyon,""Ekran Boyutu"",""32 inç"",""3.5"",""1300"""
"Televizyon,""Ekran Boyutu"",""43 inç"",""4.0"",""1600"""
"Televizyon,""Ekran Boyutu"",""55 inç"",""4.5"",""1900"""
"Televizyon,""Görüntü Teknolojisi"",""LED"",""4.0"",""1500"""
"Televizyon,""Görüntü Teknolojisi"",""OLED"",""4.5"",""2000"""
"Televizyon,""Çözünürlük"",""1080p"",""4.0"",""1600"""
"Televizyon,""Çözünürlük"",""4K"",""4.5"",""1900"""
"Televizyon,""Çözünürlük"",""Full HD"",""4"",""1900"""
"Televizyon,""Hertz"",""60 Hz"",""3.5"",""1300"""
"Televizyon,""Hertz"",""120 Hz"",""4.5"",""1800"""
"Televizyon,""Enerji Sınıfı"",""A"",""4.0"",""1600"""
"Televizyon,""Enerji Sınıfı"",""A+"",""4.5"",""1900"""
"Televizyon,""Ses Çıkışı RMS"",""20W"",""3.5"",""1300"""
"Televizyon,""Ses Çıkışı RMS"",""40W"",""4.0"",""1600"""
"Televizyon,""Enerji Tüketimi"",""100 kWh/yıl"",""3.5"",""1300"""
"Televizyon,""Enerji Tüketimi"",""50 kWh/yıl"",""4.5"",""1900"""
"Televizyon,""Fiyat Aralığı"",""3000-5000 TL"",""3.0"",""1200"""
"Televizyon,""Fiyat Aralığı"",""5000-8000 TL"",""3.5"",""1500"""
"Televizyon,""Fiyat Aralığı"",""8000-15000 TL"",""4.0"",""1800"""
"USB Bellek,""Kapasite"",""16 GB"",""3.0"",""1000"""
"USB Bellek,""Kapasite"",""32 GB"",""3.5"",""1300"""
"USB Bellek,""Kapasite"",""64 GB"",""4.0"",""1600"""
"USB Bellek,""Kapasite"",""128 GB"",""4.5"",""1900"""
"USB Bellek,""Bağlantı Tipi"",""USB 2.0"",""3.0"",""1000"""
"USB Bellek,""Bağlantı Tipi"",""USB 3.0"",""4.0"",""1500"""
"USB Bellek,""Bağlantı Tipi"",""USB 3.1"",""4.5"",""1800"""
"USB Bellek,""Okuma Hızı"",""100 MB/s"",""3.5"",""1300"""
"USB Bellek,""Okuma Hızı"",""150 MB/s"",""4.0"",""1600"""
"USB Bellek,""Okuma Hızı"",""200 MB/s"",""4.5"",""1900"""
"USB Bellek,""Yazma Hızı"",""30 MB/s"",""3.0"",""1000"""
"USB Bellek,""Yazma Hızı"",""60 MB/s"",""4.0"",""1500"""
"USB Bellek,""Yazma Hızı"",""100 MB/s"",""4.5"",""1800"""
"USB Bellek,""Fiyat Aralığı"",""100-200 TL"",""3.0"",""1000"""
"USB Bellek,""Fiyat Aralığı"",""200-400 TL"",""3.5"",""1300"""
"USB Bellek,""Fiyat Aralığı"",""400-600 TL"",""4.0"",""1600"""
